,Name,Cartridge,Fire Mode,Fire Rate,Description,Image,delete,Icon
0,ADAR 2-15,5.56x45mm NATO,Single,800,"Russian civilian carbine ADAR 2-15 is based on the design of the AR-15. Carbine is produced in St. Petersburg with use of Israeli components and chrome barrels made by ""Molot Oruzhie"".",,,https://static.wikia.nocookie.net/escapefromtarkov_gamepedia/images/3/3c/ADAR2-15Image.png/revision/latest/scale-to-width-down/180?cb=20190226190907
1,AK-101,5.56x45mm NATO,SingleFull‑Auto,650,Export version of a Kalashnikov chambered in 5.56 mm assault rifle also equipped with a side-folding shoulder stock and a side mount for optical and night scopes.,,,https://static.wikia.nocookie.net/escapefromtarkov_gamepedia/images/3/31/AK101_Image.png/revision/latest/scale-to-width-down/180?cb=20180502204454
2,AK-102,5.56x45mm NATO,SingleFull‑Auto,600,"Short, export version of a Kalashnikov 5.56 mm assault rifle equipped with a side-folding shoulder stock and a side mount for optical and night scopes.",,,https://static.wikia.nocookie.net/escapefromtarkov_gamepedia/images/c/ca/Ak102image.png/revision/latest/scale-to-width-down/180?cb=20180506001257
3,AK-103,7.62x39mm,SingleFull‑Auto,600,Kalashnikov 7.62 mm assault rifle equipped with a side-folding shoulder stock and a side mount for optical and night scopes.,,,https://static.wikia.nocookie.net/escapefromtarkov_gamepedia/images/e/e1/AK-103_7.62x39.png/revision/latest/scale-to-width-down/180?cb=20180429234506
4,AK-104,7.62x39mm,SingleFull‑Auto,600,Short Kalashnikov 7.62 mm assault rifle equipped with a side-folding shoulder stock and a side mount for optical and night scopes.,,,https://static.wikia.nocookie.net/escapefromtarkov_gamepedia/images/b/b2/AK-104Image.png/revision/latest/scale-to-width-down/180?cb=20180503235112
5,AK-105,5.45x39mm,SingleFull‑Auto,600,Short Kalashnikov 5.45 mm modernized assault rifle equipped with a side-folding shoulder stock and a side mount for optical and night scopes.,,,https://static.wikia.nocookie.net/escapefromtarkov_gamepedia/images/8/8b/AK-105_5.45x39.png/revision/latest/scale-to-width-down/180?cb=20180429234412
6,AK-74,5.45x39mm,SingleFull‑Auto,650,"Kalashnikov 5.45 mm assault rifle, developed in 1970 by М. Т. Kalashnikov, became a further evolution of AKM due to adoption of the new 5.45x39 ammunition by the military.",,,https://static.wikia.nocookie.net/escapefromtarkov_gamepedia/images/1/13/AK-74Image.png/revision/latest/scale-to-width-down/180?cb=20181226154054
7,AK-74M,5.45x39mm,SingleFull‑Auto,650,Kalashnikov 5.45 mm modernized assault rifle equipped with a side-folding shoulder stock and a side mount for optical and night scopes.,,,https://static.wikia.nocookie.net/escapefromtarkov_gamepedia/images/f/fe/AK-74M.png/revision/latest/scale-to-width-down/180?cb=20180513014125
8,AK-74N,5.45x39mm,SingleFull‑Auto,650,"Kalashnikov 5.45 mm assault rifle, developed in 1970 by M. T. Kalashnikov, became a further evolution of AKM due to adoption of the new 5.45x39 ammunition by the military. The key design difference from the standard AK-74 is a side mount for optical and night scopes.",,,https://static.wikia.nocookie.net/escapefromtarkov_gamepedia/images/8/84/Akn.png/revision/latest/scale-to-width-down/180?cb=20181028171233
9,AKM,7.62x39mm,SingleFull‑Auto,600,"Modernized 7.62mm Kalashnikov, adopted in 1959 to replace AK as a standard service weapon of the Soviet Army. Main differences, compared to AK: enhanced accuracy range, lower weight, new stock, trigger, hammer retarder, muzzle compensator, and other design changes aimed at improving the efficiency of the rifle.",,,https://static.wikia.nocookie.net/escapefromtarkov_gamepedia/images/0/0f/Akm.png/revision/latest/scale-to-width-down/180?cb=20180206133400
10,AKMN,7.62x39mm,SingleFull‑Auto,600,"AKMN (with NSPUM-AKMN2 scope) is a small arms system consisting of a modified AKM with dovetail mount for installation of the night vision scopes of NSP familiy - NSP-2/3/3A, NSPU, NSPUM.",,,https://static.wikia.nocookie.net/escapefromtarkov_gamepedia/images/5/55/Akmn.png/revision/latest/scale-to-width-down/180?cb=20180206133117
11,AKMS,7.62x39mm,SingleFull‑Auto,600,"AKMS (GRAU Index - 6P4) is a variant of the AKM with folding shoulder piece (stock). Folds forward-down, under the handguard. Designed specifically for airborne troops.",,,https://static.wikia.nocookie.net/escapefromtarkov_gamepedia/images/2/2b/Akms.png/revision/latest/scale-to-width-down/180?cb=20180427005729
12,AKMSN,7.62x39mm,SingleFull‑Auto,600,"AKMSN - is a modified AKMS with dovetail mount for installation of the night vision scopes of NSP family — NSP-2/3/3A, NSPU, NSPUM.",,,https://static.wikia.nocookie.net/escapefromtarkov_gamepedia/images/e/e6/Akmsn.png/revision/latest/scale-to-width-down/180?cb=20180503233021
13,AKS-74,5.45x39mm,SingleFull‑Auto,650,"Kalashnikov 5.45 mm assault rifle equipped with a side-folding metal shoulder stock, designed primarily for use with air assault infantry.",,,https://static.wikia.nocookie.net/escapefromtarkov_gamepedia/images/b/b3/AKS-74.png/revision/latest/scale-to-width-down/180?cb=20181230153732
14,AKS-74N,5.45x39mm,SingleFull‑Auto,650,"Kalashnikov 5.45 mm assault rifle equipped with a side-folding metal shoulder stock, designed primarily for use with air assault infantry. The key design difference from the standard AKS-74 is a side mount for optical and night scopes.",,,https://static.wikia.nocookie.net/escapefromtarkov_gamepedia/images/4/4f/AKS-74N.png/revision/latest/scale-to-width-down/180?cb=20180426173339
15,AKS-74U,5.45x39mm,SingleFull‑Auto,650,"Reduced version of AKS-74 assault rifle, developed in the early 80s for combat vehicle crews and airborne troops, also became very popular with law enforcement and special forces for its compact size.",,,https://static.wikia.nocookie.net/escapefromtarkov_gamepedia/images/8/84/Aks74u.png/revision/latest/scale-to-width-down/180?cb=20181028171406
16,AKS-74UB,5.45x39mm,SingleFull‑Auto,650,"Special version of the AKS-74U, modification B (silences) is issued, by default, with a dovetail scope mount, a suppressor device, and special sights designed for firing subsonic ammunition.",,,https://static.wikia.nocookie.net/escapefromtarkov_gamepedia/images/1/19/Aks74ub.png/revision/latest/scale-to-width-down/180?cb=20181028171415
17,AKS-74UN,5.45x39mm,SingleFull‑Auto,650,"Reduced version of the AKS-74 assault rifle, developed in the early 80s for combat vehicle crews and airborne troops, also became very popular with law enforcement and special forces for its compact size. Mod.N (night) is equipped with a dovetail mount for the night scopes.",,,https://static.wikia.nocookie.net/escapefromtarkov_gamepedia/images/b/b3/Aks74un.png/revision/latest/scale-to-width-down/180?cb=20181028171353
18,ASh-12,12.7x55mm STs-130,SingleFull‑Auto,650,"The ASh-12.7 (which stands for ""Automatic assault rifle, 12.7mm"") battle rifle is a dedicated CQB/Urban Operations weapon, developed by TsKIB SOO (""Central Design and Research Bureau of Sporting and Hunting Arms""), a subsidiary of the KBP Instrument Design Bureau of Tula, Russia, by request from the Russian FSB (Federal Security Service). The weapon was designed with extreme short-range stopping power in mind for FSB urban combat units.",,,https://static.wikia.nocookie.net/escapefromtarkov_gamepedia/images/f/f1/ASh_12.png/revision/latest/scale-to-width-down/180?cb=20200729043013
19,AS VAL,9x39mm,SingleFull‑Auto,900,"AS VAL (Avtomat Specialniy, Special Automatic Rifle) - silenced automatic rifle with integral suppressor designed for special forces units. Developed in TSNIITochMash on the VSS Vintorez platform.",,,https://static.wikia.nocookie.net/escapefromtarkov_gamepedia/images/1/1c/Asval.png/revision/latest/scale-to-width-down/180?cb=20190305220933
20,DT MDR 5.56x45,5.56x45mm NATO,SingleFull‑Auto,650,"The product of the US-based company Desert Tech LLC MDR rifle is a modular, multi-caliber weapon with compact bullpup layout. Barrel lengths and calibers can be changed by the end user within minutes with a minimum amount of tools.",,,https://static.wikia.nocookie.net/escapefromtarkov_gamepedia/images/1/13/DT_MDR_5.56x45_Assault_Rifle.png/revision/latest/scale-to-width-down/180?cb=20190411211744
21,DT MDR .308,7.62x51mm NATO,SingleFull‑Auto,650,"The product of the US-based company Desert Tech LLC MDR rifle is a modular, multi-caliber weapon with compact bullpup layout. Barrel lengths and calibers can be changed by the end user within minutes with a minimum amount of tools.",,,https://static.wikia.nocookie.net/escapefromtarkov_gamepedia/images/3/33/DT_MDR_308.png/revision/latest/scale-to-width-down/180?cb=20191228210602
22,HK 416A5,5.56x45mm NATO,SingleFull‑Auto,850,"The HK416 A5 is a further development of the HK416 assault rifle in 5.56 x 45 mm NATO calibre. The most striking changes compared to its previous versions as well as to market available AR platforms include an improved and tool-less gas regulator for suppressor use, a redesigned, user-friendly lower receiver, which allows complete ambidextrous operation of the weapon and ensures optimised magazine compatibility, as well as numerous technical improvements to maximize the operator safety, reliability, ammunition capability and durability under real operating conditions.",,,https://static.wikia.nocookie.net/escapefromtarkov_gamepedia/images/5/5f/HK416Image.png/revision/latest/scale-to-width-down/180?cb=20181226145352
23,Kel-Tec RFB 7.62x51,7.62x51mm NATO,Single,700,"The Kel-Tec RFB (Rifle, Forward-ejection, Bullpup) is a gas-operated bullpup type semi-automatic rifle, manufactured by Kel-Tec.",,,https://static.wikia.nocookie.net/escapefromtarkov_gamepedia/images/6/68/KT_RFB.png/revision/latest/scale-to-width-down/180?cb=20201019134602
24,M4A1,5.56x45mm NATO,SingleFull‑Auto,800,"Colt M4A1 - an assault rifle (carbine), designed in the USA on the basis of AR-15 platform for 5.56x45 NATO cartridge. It was developed primarily for use by vehicle operators and fireteams, who required a more compact and lighter weapon than a standard full-length rifle, but using the same ordnance. However, US SOCOM (United States Special Operations Command) was soon to adopt the M4A1 for all subordinate units, followed by general introduction of M4A1 into service in the US Army and Marine Corps.",,,https://static.wikia.nocookie.net/escapefromtarkov_gamepedia/images/2/29/M4a1.png/revision/latest/scale-to-width-down/180?cb=20181028172147
25,MCX,.300 Blackout,SingleFull‑Auto,800,"The MCX line, designed and manufactured by SIG Sauer, is available in both semi-automatic and automatic versions and features a short-stroke gas piston system, which is inherited from the earlier SIG MPX submachine gun.",,,https://static.wikia.nocookie.net/escapefromtarkov_gamepedia/images/0/08/-92ucz5kq_Y.jpg/revision/latest/scale-to-width-down/180?cb=20201226014736
26,SA-58,7.62x51mm NATO,SingleFull‑Auto,700,"SA-58 OSW (Operations Specialist Weapon) manufactured by american company DSA (David Selveggio Arms) is a legal copy of the FAL, it's made with the same Steyr-Daimler-Puch production line equipment as the StG-58. It may come with a different barrel length, an aluminum-alloy lower receiver, and improved Glass-filled Nylon furniture. Civilian models are semi-automatic, but military and Law Enforcement clients can procure select-fire models that have a fully automatic cyclic rate of 750 rounds/minute. The DSA-58 can use any metric-measurement FAL magazines.",,,https://static.wikia.nocookie.net/escapefromtarkov_gamepedia/images/a/ae/DS_Arms_SA-58_OSW_Para_7.62x51.png/revision/latest/scale-to-width-down/180?cb=20181028172156
27,TX-15 DML,5.56x45mm NATO,Single,800,"The TX15 Designated Marksman Light (DML) series sets the standard for a small frame semi-automatic precision rifle. Utilizing lessons learned during the development of our Multi Purpose Carbine, the DML is optimized for mid-range shooting.",,,https://static.wikia.nocookie.net/escapefromtarkov_gamepedia/images/4/4d/TX-15_View.PNG/revision/latest/scale-to-width-down/180?cb=20191103030150
28,Vepr AKM/VPO-209,.366 TKM,Single,600,"VPO-209 was created on the platform of Klashnikov (AKM) and has an identical appearance, weight, and dimensions. Hammer type firing mechanism administers single shots and setting the safety to locked. Ammo is fed by detachable box magazine.",,,https://static.wikia.nocookie.net/escapefromtarkov_gamepedia/images/b/b0/Vpo209.png/revision/latest/scale-to-width-down/180?cb=20181028171328
29,Vepr KM/VPO-136,7.62x39mm,Single,600,"Semi-automatic hunting carbine of 7.62x39 mm caliber. It was created on the platform of Kalashnikov (AKM) and has an identical appearance, weight and dimensions. Designed for professional and amateur hunting of medium and big game, as well as sporting use.",,,https://static.wikia.nocookie.net/escapefromtarkov_gamepedia/images/e/e9/Vpo136.png/revision/latest/scale-to-width-down/180?cb=20181028171300
30,Name,Image,Cartridge,Firing modes,Rate of fire,Description,,
31,OP-SKS,7.62x39mm,Single,40,"Molot OP-SKS Carbine is designed for loading with 7.62x39 - the most popular ammunition. The weight and dimensions make the carbine ergonomic for shooters of any age and height. It has been used for all types of traditional Russian hunting for more than 50 years. Tested on predators in Africa, Southeast Asia, Central America, Middle East.",,,https://static.wikia.nocookie.net/escapefromtarkov_gamepedia/images/0/08/Opsks.png/revision/latest/scale-to-width-down/180?cb=20190414112410
32,SKS,7.62x39mm,Single,40,"Soviet semi-automatic carbine designed by Sergei Simonov for 7.62x39 cartridge and known abroad as SKS-45. Immensely popular both in CIS countries and in the West, this weapon is still in active service in some countries in form of various copies and modifications. This particular specimen comes from extended storage warehouses of Tula Arms Plant and haven't yet undergo the civilian weapon normalization procedure.",,,https://static.wikia.nocookie.net/escapefromtarkov_gamepedia/images/7/72/Sks.png/revision/latest/scale-to-width-down/180?cb=20190414112401
33,Vepr Hunter/VPO-101,7.62x51mm NATO,Single,600,"Semi-automatic hunting carbine of 7.62x51 mm caliber. It was created on the platform of Kalashnikov (AKM) and has an identical appearance, weight and dimensions. Designed for professional and amateur hunting of medium and big game, as well as sporting use.",,,https://static.wikia.nocookie.net/escapefromtarkov_gamepedia/images/f/f0/VeprHunterImage.png/revision/latest/scale-to-width-down/180?cb=20190410211507
34,Name,Image,Cartridge,Firing modes,Rate of fire,Description,,
35,RPK-16,5.45x39mm,SingleFull‑Auto,650,"Newest Russian light machine gun - RPK-16 chambered in 5.45x39mm rounds. Key features of this kind of weapon are - quick detachable barrels, enhanced ergonomics, weaver rails on a handguard, and dust cover.",,,https://static.wikia.nocookie.net/escapefromtarkov_gamepedia/images/c/c7/RPK-16.png/revision/latest/scale-to-width-down/180?cb=20181226153306
36,Name,Image,Cartridge,Firing modes,Rate of fire,Description,,
37,MP5,9x19mm Parabellum,Single3‑round BurstFull‑Auto,800,"HK MP5 9x19 submachinegun with Navy 3 Round Burst firing mechanism version, which features three-round cutoff. Widely acclaimed model of a submachinegun, primarily known as weapon of GSG9 and similar forces of the world, and famous through frequent appearance in movies and video games.",,,https://static.wikia.nocookie.net/escapefromtarkov_gamepedia/images/5/54/Mp5.png/revision/latest/scale-to-width-down/180?cb=20180507221414
38,MP5K-N,9x19mm Parabellum,Single3‑round BurstFull‑Auto,900,"HK MP5K(K from the German word Kurz - ""short"") is a shorter version of MP5 which was designed for close quarters battle use by clandestine operations and special services.",,,https://static.wikia.nocookie.net/escapefromtarkov_gamepedia/images/4/45/HK_MP5K-N.png/revision/latest/scale-to-width-down/180?cb=20191028032636
39,MP7A1,4.6x30mm HK,SingleFull‑Auto,950,"The MP7 is extremely compact, lightweight, can be used in very confined spaces, and is practically recoil-free. It can be carried continuously, making it the ideal personal weapon for the soldier of today. Those who carry it will be suitably armed for the broadest range of operations.",,,https://static.wikia.nocookie.net/escapefromtarkov_gamepedia/images/0/02/HKMP7A1Image.png/revision/latest/scale-to-width-down/180?cb=20181111215340
40,MP7A2,4.6x30mm HK,SingleFull‑Auto,950,"The MP7A2 is a further modification of the MP7A1. The key feature of this submachine gun is the replacement of the standard folding foregrip for a ""picatinny"" rail.",,,https://static.wikia.nocookie.net/escapefromtarkov_gamepedia/images/5/52/HKMP7A2Image.png/revision/latest/scale-to-width-down/180?cb=20181111214757
41,MP9,9x19mm Parabellum,SingleFull‑Auto,900,"The Brügger & Thomet MP9 (Maschinenpistole 9mm, German for machine pistol) is  is a selective-fire 9×19mm Parabellum caliber machine pistol designed and manufactured by Brügger & Thomet of Switzerland.",,,https://static.wikia.nocookie.net/escapefromtarkov_gamepedia/images/0/0e/MP9_View.png/revision/latest/scale-to-width-down/180?cb=20191230121903
42,MP9-N,9x19mm Parabellum,SingleFull‑Auto,1100,"The MP9-N is a further modification of a MP-9 SMG, which was refined and optimized in cooperation with special units from police and military. The MP9-N is currently in service with close protection teams as well as with SWAT teams worldwide. It is also a perfect choice as a Personal Defense Weapon (PDW).",,,https://static.wikia.nocookie.net/escapefromtarkov_gamepedia/images/f/fd/B%26T_MP9-N_9x19_Submachinegun.png/revision/latest/scale-to-width-down/180?cb=20191230120929
43,MPX,9x19mm Parabellum,SingleFull‑Auto,850,SIG MPX boasts the unprecedented operation speed in the familiar form factor of the AR platform. Short-stroke gas piston allows SIG MPX to use the full range of 9 mm ammunition without any adjustments to the gas valve. Full-sized mount provides the means of installing a wide range of scopes and sighting devices.,,,https://static.wikia.nocookie.net/escapefromtarkov_gamepedia/images/f/f7/Mpx.png/revision/latest/scale-to-width-down/180?cb=20180219121907
44,P90,5.7x28mm FN,SingleFull‑Auto,900,"The FN P90, also known as the FN Project 1990, is a compact personal defense weapon (PDW) designed and manufactured by FN Herstal in Belgium. Created in response to NATO requests for a replacement for 9×19mm Parabellum firearms, the P90 was designed as a compact but powerful firearm for vehicle crews, operators of crew-served weapons, support personnel, special forces, and counter-terrorist groups.",,,https://static.wikia.nocookie.net/escapefromtarkov_gamepedia/images/6/6c/P90Image.png/revision/latest/scale-to-width-down/180?cb=20191109011038
45,PP-19-01 Vityaz-SN,9x19mm Parabellum,SingleFull‑Auto,700,Russian submachinegun based on the AKS-74U design. Standard-issue for many law enforcement and military units of the Russian Federation.,,,https://static.wikia.nocookie.net/escapefromtarkov_gamepedia/images/f/fb/Pp19.png/revision/latest/scale-to-width-down/180?cb=20180219121911
46,"PP-9 ""Klin""",9x18mm Makarov,SingleFull‑Auto,1000,"A further evolution of the Kedr SMG for new 9x18 PMM cartridge, designated as PP-9 Klin. It has been manufactured since 1996 until 2002 by the order of the Ministry of Internal Affairs.",,,https://static.wikia.nocookie.net/escapefromtarkov_gamepedia/images/4/48/Klin.png/revision/latest/scale-to-width-down/180?cb=20180219121903
47,"PP-91 ""Kedr""",9x18mm Makarov,SingleFull‑Auto,900,"The PP-91 Kedr SMG was developed in the early 90's by the order of Ministry of Internal Affairs and is now produced at Ziatoust machinery plant (Zlatoustovvskiy Mashinostroitelnyl Zavod ZMZ). At the moment, it is a service weapon of almost all Russian law enforcement forces.",,,https://static.wikia.nocookie.net/escapefromtarkov_gamepedia/images/b/ba/Kedr.png/revision/latest/scale-to-width-down/180?cb=20180219121901
48,"PP-91-01 ""Kedr-B""",9x18mm Makarov,SingleFull‑Auto,900,"A rare silenced version of the PP-91 Kedr SMG, denominated as PP-91-01 Kedr-B.",,,https://static.wikia.nocookie.net/escapefromtarkov_gamepedia/images/a/a4/Kedrb.png/revision/latest/scale-to-width-down/180?cb=20180219121902
49,PPSH-41,7.62x25mm Tokarev,SingleFull‑Auto,1000,"The PPSh-41 (pistolet-pulemyot Shpagina; Russian: Пистолет-пулемёт Шпагина; ""Shpagin machine pistol"") is a Soviet submachine gun designed by Georgy Shpagin as a cheap, reliable, and simplified alternative to the PPD-40.",,,https://static.wikia.nocookie.net/escapefromtarkov_gamepedia/images/d/d0/PPSH-41_View.png/revision/latest/scale-to-width-down/180?cb=20200508214756
50,Saiga-9,9x19mm Parabellum,Single,650,Semi-automatic Saiga-9 carbine was developed as a variant of PP-19-01 Vityaz-SN for civilian market and designed for purposes of shooting sports and plinking.,,,https://static.wikia.nocookie.net/escapefromtarkov_gamepedia/images/7/70/Saiga9.png/revision/latest/scale-to-width-down/180?cb=20180219121912
51,STM-9,9x19mm Parabellum,Single,800,"A PCC carbine with excellent performance already ""out of the box"". Designed with the participation of world bronze medalist in Semi-Auto Rifle Valim Mikhailov. Accuracy, speed, comfort of recoil.",,,https://static.wikia.nocookie.net/escapefromtarkov_gamepedia/images/c/cd/STM-9_Base_View.png/revision/latest/scale-to-width-down/180?cb=20210330191235
52,UMP 45,.45 ACP,SingleFull‑Auto,600,"Heckler & Koch UMP - submachine gun, designed by German company Heckler & Koch in the 1990s as a lighter and cheaper analog of the MP5. This version is designed to fire a .45 ACP cartridge and has a reduced to 600 rpm rate of fire.",,,https://static.wikia.nocookie.net/escapefromtarkov_gamepedia/images/4/42/UMP45_View.png/revision/latest/scale-to-width-down/180?cb=20201224203403
53,Vector .45,.45 ACP,Single2‑round BurstFull‑Auto,1100,"The KRISS Vector SMG is the ideal choice for law enforcement and military seeking a controllable, compact, weapon system for close quarter combat environments. The low bore axis and Super V recoil mitigation system allow for the most controllable select-fire operation, or fast semi-automatic follow up shots.",,,https://static.wikia.nocookie.net/escapefromtarkov_gamepedia/images/b/bf/Vector45_fir_unloaded_view.png/revision/latest/scale-to-width-down/180?cb=20201224192141
54,Vector 9x19,9x19mm Parabellum,Single2‑round BurstFull‑Auto,950,"The KRISS Vector SMG is the ideal choice for law enforcement and military seeking a controllable, compact, weapon system for close quarter combat environments. The low bore axis and Super V recoil mitigation system allow for the most controllable select fire operation, or fast semi-automatic follow up shots.",,,https://static.wikia.nocookie.net/escapefromtarkov_gamepedia/images/9/9e/Vector_9x19_View.png/revision/latest/scale-to-width-down/180?cb=20201224175248
55,Name,Image,Cartridge,Firing modes,Rate of fire,Description,,
56,590A1,12x70mm,Single(Pump action),30,The Mossberg 500 Series is one of the most famous and widespread pump action shotguns in the world. Protects your front lawn since 1961.,,,https://static.wikia.nocookie.net/escapefromtarkov_gamepedia/images/5/56/M590A1_View.png/revision/latest/scale-to-width-down/180?cb=20200728014142
57,M870,12x70mm,Single(Pump action),30,"The Remington Model 870 is a pump-action shotgun manufactured by Remington Arms Company, LLC. It is widely used by the public for sport shooting, hunting, and self-defense and used by law enforcement and military organizations worldwide.",,,https://static.wikia.nocookie.net/escapefromtarkov_gamepedia/images/9/91/M870.png/revision/latest/scale-to-width-down/180?cb=20180426140946
58,MP-133,12x70mm,Single(Pump action),30,"Multi-shot, smoothbore MP-133 pump-action shotgun produced by IzhMekh. Reliable and practical hunting and self-defence weapon. Considered unique in its class for having a slide stop.",,,https://static.wikia.nocookie.net/escapefromtarkov_gamepedia/images/f/fe/Mr133.png/revision/latest/scale-to-width-down/180?cb=20180219121908
59,MP-153,12x70mm,Single,40,"Smoothbore multi-shot. MP-153 shotgun, produced by Izhmekh. Reliable and practical hunting and self-defence weapon.",,,https://static.wikia.nocookie.net/escapefromtarkov_gamepedia/images/3/3b/Mp153.png/revision/latest/scale-to-width-down/180?cb=20180219121906
60,Saiga-12,12x70mm,Single,40,Semi-automatic 12ga shotgun with folding stock and firing mechanism safety lock that only allows firing from extended stock position. Features short 430mm barrel.,,,https://static.wikia.nocookie.net/escapefromtarkov_gamepedia/images/c/cd/Saiga12.png/revision/latest/scale-to-width-down/180?cb=20180219121914
61,TOZ-106,20x70mm,Single(Bolt action),30,"Single-barreled 20ga hunting shotgun with sliding breech bolt. Widely known by it vernacular name, the Death of the Chairman, for its compact size.",,,https://static.wikia.nocookie.net/escapefromtarkov_gamepedia/images/5/5b/Toz.png/revision/latest/scale-to-width-down/180?cb=20180219121918
62,KS-23M,23x75mm,Single(Pump action),30,"The KS-23 is a Russian shotgun, although because it uses a rifled barrel it is officially designated by the Russian military as a carbine. KS stands for Karabin Spetsialniy, ""Special Carbine"". It is renowned for its large caliber, firing a 23 mm round, equating to 6.27 gauge using the British and American standards of shotgun gauges and approximately 4 gauge using the current European standards (based on the metric CIP tables), making it the largest-bore shotgun in use today.",,,https://static.wikia.nocookie.net/escapefromtarkov_gamepedia/images/8/85/KS-23M.png/revision/latest/scale-to-width-down/180?cb=20201019145716
63,Name,Image,Cartridge,Firing modes,Rate of fire,Description,,
64,M1A,7.62x51mm NATO,Single,700,"The Springfield Armory M1A is a civilian version of the M14 rifle designed and manufactured by Springfield Armory, Inc.",,,https://static.wikia.nocookie.net/escapefromtarkov_gamepedia/images/5/5f/M1A_Icon.png/revision/latest/scale-to-width-down/180?cb=20180503234958
65,Mk-18,.338 Lapua Magnum,Single,30,"The Mk-18 Mod 1 Extreme Distance Capable Semi-Automatic Rifle was designed to take advantage of the ballistic capabilities of the .338 Lapua Magnum, .338 Norma Magnum, and .300 Norma Magnum cartridges. The system provides extreme distance capability in a lightweight and mobile semi-auto platform. Utilizing SWORD’s proprietary short-stroke piston system the rifle is precise, reliable, and durable. Featuring ambidextrous controls, ergonomic features, and built-in modularity, the MK18 is a great choice for the avid hunter, long-range enthusiast, and competition shooter.",,,https://static.wikia.nocookie.net/escapefromtarkov_gamepedia/images/a/a2/Mk18.png/revision/latest/scale-to-width-down/180?cb=20210102132503
66,RSASS,7.62x51mm NATO,Single,700,The Remington Semi Automatic Sniper System is the culmination of a joint effort between Remington Arms and JP Enterprises to develop a highly accurate and superbly built rapid firing sniper rifle. This weapon delivers sub-MOA accuracy out to 800 meters and beyond while providing the tactical advantage of a semi-automatic platform.,,,https://static.wikia.nocookie.net/escapefromtarkov_gamepedia/images/9/9b/Rsass.png/revision/latest/scale-to-width-down/180?cb=20181122021513
67,SR-25,7.62x51mm NATO,Single,700,"The SR-25 Precision Rifle is the latest evolution of the precision 7.62mm NATO semi-automatic rifle. An ambidextrous bolt release, selector, and magazine release offers the left-handed user the ergonomic advantages inherent to AR15 based controls, as well as giving right-handed users alternate methods of manipulation to increase efficiency of movement. The Drop-In 2-Stage Trigger serves as an aid to long range precision marksmanship. The E2 bolt and gas system provides superior reliability in function whether suppressed or unsuppressed.",,,https://static.wikia.nocookie.net/escapefromtarkov_gamepedia/images/6/69/SR-25_View.png/revision/latest/scale-to-width-down/180?cb=20191227220256
68,SVDS,7.62x54mmR,Single,700,Dragunov sniper rifle with folding stock - the SVDS variant. Was specially designed for Russian paratroopers and special forces units.,,,https://static.wikia.nocookie.net/escapefromtarkov_gamepedia/images/8/8f/SVD-S.png/revision/latest/scale-to-width-down/180?cb=20190411211731
69,VSS Vintorez,9x39mm,SingleFull‑Auto,900,"VSS (Vintovka Sniperskaya, Special Sniper Rifle) - suppressed sniper rifle with an integral suppressor, designed in the 80s in TSNIITochMash Institute for the needs of special-purpose teams and task forces.",,,https://static.wikia.nocookie.net/escapefromtarkov_gamepedia/images/6/6b/Vss.png/revision/latest/scale-to-width-down/180?cb=20210114170659
70,Name,Image,Cartridge,Firing modes,Rate of fire,Description,,
71,DVL-10,7.62x51mm NATO,Single(Bolt Action),30,"DVL-10 is a lightweight, compact, and silenced rifle in proprietary and current military subsonic calibers and has been developed for special service and combat missions where exceptional accuracy and range are needed. Equipped with a standard Lobaev foldable butt-stock and Lobaev Hummer Barrels stainless steel match-grade barrel.",,,https://static.wikia.nocookie.net/escapefromtarkov_gamepedia/images/6/6c/Dvl10.png/revision/latest/scale-to-width-down/180?cb=20180219121859
72,M700,7.62x51mm NATO,Single(Bolt Action),30,The Remington Model 700 is a series of bolt-action centerfire rifles manufactured by Remington Arms since 1962.,,,https://static.wikia.nocookie.net/escapefromtarkov_gamepedia/images/2/26/M700Image.png/revision/latest/scale-to-width-down/180?cb=20181226171021
73,Mosin,7.62x54mmR,Single(Bolt Action),30,"Mosin Nagant M91/30 PU is a sniper variant of the famous russian rifle, which was commonly in use by russian snipers during WW2.",,,https://static.wikia.nocookie.net/escapefromtarkov_gamepedia/images/0/02/MosinInspect.png/revision/latest/scale-to-width-down/180?cb=20180918200314
74,Mosin Inf.,7.62x54mmR,Single(Bolt Action),30,"Mosin–Nagant is a famous russian rifle, which was commonly in use during WW2.",,,https://static.wikia.nocookie.net/escapefromtarkov_gamepedia/images/d/d4/MosinInfantryImage.png/revision/latest/scale-to-width-down/180?cb=20181226165344
75,SV-98,7.62x54mmR,Single(Bolt Action),30,"SV-98 is a Russian sniper rifle developed in 1998-2000 by a group of weapon engineers led by V.Stronskly. Serially produced by IzhMash group. It is a magazine-fed bolt-action rifle, designed to engage military personnel at distances of up to 1000 m.",,,https://static.wikia.nocookie.net/escapefromtarkov_gamepedia/images/7/7d/Sv98.png/revision/latest/scale-to-width-down/180?cb=20180427101420
76,T-5000,7.62x51mm NATO,Single(Bolt Action),30,"High-accuracy ORSIS T-5000 rifle is an outstanding result of our company designers' efforts. This model was created in cooperation with professional shooters and has the properties required for a customer in the Russian market. T-5000 model is a hand-reloaded repeater with sliding breech bolt and two front locking lugs. It is a multi-purpose weapon. Its specifications provide high-accuracy long-range shots (up to 1500m), high level of shooter's convenience while preparatory, firing and recoil phases, swift sighting line recovery, excellent reliability and ergonomics.",,,https://static.wikia.nocookie.net/escapefromtarkov_gamepedia/images/e/ea/T-5000_View.png/revision/latest/scale-to-width-down/180?cb=20200216013517
77,VPO-215,.366 TKM,Single(Bolt Action),30,VPO-215 is a Russian made bolt-action rifle designed for hunting.,,,https://static.wikia.nocookie.net/escapefromtarkov_gamepedia/images/4/4e/VPO-215_View.png/revision/latest/scale-to-width-down/180?cb=20200216013459
78,Name,Image,Cartridge,Firing modes,Rate of fire,Description,,
79,FN GL40,40x46 mm,Single,30,Standalone buttstock assembly with an attached FN GL40 Mk.2 grenade launcher. It is designed to use the full variety of NATO standard 40mm grenades.,,,https://static.wikia.nocookie.net/escapefromtarkov_gamepedia/images/b/b8/FNGL40inspect.png/revision/latest/scale-to-width-down/400?cb=20200727193201
80,Name,Image,Cartridge,Firing modes,Rate of fire,Description,,
81,APB,9x18mm Makarov,SingleFull‑Auto,750,Silenced version of a Stechkin Automatic Pistol. Widely used by different Russian special forces.,,,https://static.wikia.nocookie.net/escapefromtarkov_gamepedia/images/b/ba/APBImage.png/revision/latest/scale-to-width-down/400?cb=20200216023044
82,APS,9x18mm Makarov,SingleFull‑Auto,750,"The Stechkin automatic pistol or APS is a Soviet selective fire machine pistol. It bears the name of its developer, Igor Stechkin.",,,https://static.wikia.nocookie.net/escapefromtarkov_gamepedia/images/8/81/Stechkin_Automatic_Pistol_9x18PM.png/revision/latest/scale-to-width-down/200?cb=20200216021943
83,FN 5-7,5.7x28mm FN,Single,30,"The FN Five-seven, trademarked as the Five-seveN, is a semi-automatic pistol designed and manufactured by FN Herstal in Belgium. Comes in black and flat dark earth.",,,https://static.wikia.nocookie.net/escapefromtarkov_gamepedia/images/d/de/Five-seveN.gif/revision/latest/scale-to-width-down/200?cb=20191109004734
84,GLOCK17,9x19mm Parabellum,Single,30,"Glock 17 is an Austrian pistol designed by Glock company for the Austrian army purposes. Thanks to both to its impressive combat characteristics and reliablity gained wide recognition and popularity also as a police, shooting sports and civilian self-defence weapon.",,,https://static.wikia.nocookie.net/escapefromtarkov_gamepedia/images/5/54/Glock17.png/revision/latest/scale-to-width-down/200?cb=20200216022006
85,GLOCK18C,9x19mm Parabellum,SingleFull‑Auto,1200,"The Glock 18 is a selective-fire variant of the Glock 17. The firearm is typically used with an extended 33-round-capacity magazine, although other magazines from the Glock 17 can be used, with available capacities of 10, 17, or 19 rounds. It has a keyhole opening cut into the forward portion of the slide, similar to the opening on the Glock long-slide models, although the Glock 18 has a standard-length slide. The keyhole opening provides an area to allow the four, progressively larger (from back to front) compensator cuts machined into the barrel to vent the propellant gases upwards, affording more control over the rapid-firing machine pistol.",,,https://static.wikia.nocookie.net/escapefromtarkov_gamepedia/images/8/81/Glock18CImage.png/revision/latest/scale-to-width-down/200?cb=20200216022017
86,M1911A1,.45 ACP,Single,30,"Commonly known simply as ""Colt"", the M1911 is one of the most famous handguns on a planet. It went through both World War's as a standard-issue US Army pistol, and despite that it was replaced in 1986, its further variations are still a sidearm of choice in different US Special Forces. M1911A1 is the further generation of a M1911 pistol, after World War I, the military's Model 1911 went through various changes including shorter trigger with frame cuts, improved sights, an arched mainspring housing and a redesigned grip safety.",,,https://static.wikia.nocookie.net/escapefromtarkov_gamepedia/images/b/bd/M1911A1_View.png/revision/latest/scale-to-width-down/200?cb=20200508214809
87,M45A1,.45 ACP,Single,30,"The MEU(SOC) pistol, (""Marine Expeditionary Unit""; ""Special Operations Capable"") officially designated the M45 MEUSOC,is a magazine-fed, recoil-operated, single-action, semiautomatic pistol chambered for the .45 ACP cartridge. It's a variant of the M1911, and has been the standard-issue side arm for the Force Recon Element of the United States Marine Corps' Marine Expeditionary Units since 1985.The improved M45A1 features several changes to the original M1911A1 design. One feature is the dual recoil spring system that spreads out the recoil force of the .45 ACP round by lowering the peak force of the recoil pulse. It also has 3-dot tritium night sights, a 5-inch national match barrel, ambidextrous safety, picatinny rail, and a desert tan Cerakote finish.",,,https://static.wikia.nocookie.net/escapefromtarkov_gamepedia/images/c/c3/M45A1.png/revision/latest/scale-to-width-down/200?cb=20201019153037
88,M9A3,9x19mm Parabellum,Single,30,"Beretta M9A3 is a newest modification in a M9 series pistols, it was designed for military and police forces, as well as for sport and a homedefence. Main features of a A3 generation are improved ergonomic and more durable FDE coating.",,,https://static.wikia.nocookie.net/escapefromtarkov_gamepedia/images/8/86/EFT_UpcomingM9A3.png/revision/latest/scale-to-width-down/200?cb=20200216022039
89,"MP-443 ""Grach""",9x19mm Parabellum,Single,30,"Russian-produced semiautomatic 9x19 pistol, a service weapon of Russian army, special forces of Ministry of internal affairs and other defence and law enforcement agencies.",,,https://static.wikia.nocookie.net/escapefromtarkov_gamepedia/images/0/0b/Grach.png/revision/latest/scale-to-width-down/200?cb=20200216022052
90,P226R,9x19mm Parabellum,Single,30,"The SIG Sauer P226R is a full-sized, service-type pistol made by SIG Sauer, a standard service weapon of Navy SEALs. Chambered for the 9x19mm Parabellum, features a Picatinny rail mount on the underside of a frame.",,,https://static.wikia.nocookie.net/escapefromtarkov_gamepedia/images/c/c6/P226.png/revision/latest/scale-to-width-down/200?cb=20200216022104
91,PB pistol,9x18mm Makarov,Single,30,PB silenced pistol (GRAU Index 6П9) was designed for the purposes of army reconnaissance groups and USSR KGB personnel and introduced into service in 1967. Still operated nowadays by FSB special forces and internal troops of Ministry of Internal Affairs.,,,https://static.wikia.nocookie.net/escapefromtarkov_gamepedia/images/c/c4/Pb.png/revision/latest/scale-to-width-down/200?cb=20200216023013
92,PL-15,9x19mm Parabellum,Single,30,"A Russian self-loading pistol chambered for 9x19mm, developed by a team of designers from the Kalashnikov concern under the leadership of Dmitry Lebedev for the needs of Russian law enforcement agencies.",,,https://static.wikia.nocookie.net/escapefromtarkov_gamepedia/images/3/38/PL-15image.png/revision/latest/scale-to-width-down/200?cb=20210330183456
93,PM (t) pistol,9x18mm Makarov,Single,30,"A semi-mythical PM with extended barrel and suppressor mount threading. Some claim it was a limited series manufactured in Bulgaria, others insist on DDR, and some are even prone to think of it as a handcrafted upgrade. How did it end up in the Norvinsk region, no living soul can tell.",,,https://static.wikia.nocookie.net/escapefromtarkov_gamepedia/images/c/c7/Makarovt.png/revision/latest/scale-to-width-down/200?cb=20200216022116
94,PM pistol,9x18mm Makarov,Single,30,"A time-proven PM. Due to the ubiquitous spread of both pistol and ammo it is still being used by Russian Spetznaz, thanks to exceptional reliability, light weight and compact size. The only serious drawback is its lack of a knockdown power.",,,https://static.wikia.nocookie.net/escapefromtarkov_gamepedia/images/4/4c/Makarov.png/revision/latest/scale-to-width-down/200?cb=20200216022127
95,SR-1MP Gyurza,9x21mm Gyurza,Single,30,"The Serdyukov semi-automatic pistol - also known as SPS and Gyurza (“Viper”), GRAU index 6P53. Pistol designed for the Russian Federation special forces purposes by P. Serdyukov and I. Belyaev, for 9x21 mm cartridge.",,,https://static.wikia.nocookie.net/escapefromtarkov_gamepedia/images/c/cc/Sr1mp.png/revision/latest/scale-to-width-down/200?cb=20200216022136
96,TT pistol,7.62x25mm Tokarev,Single,30,"A legendary pistol. It has seen numerous military conflicts and is still being in service in certain spots of our planet, in one modification or another. This one is a classic TT-33, the most mass-produced version. It features Browning short-recoil tilting-barrel system, but very different otherwise - purposefully simple, single-action, no safety measures except half-cock notch, it is able to withstand horrible operating abuse. Thanks to the powerful 7.62x25 cartridge and relatively long barrel, TT boasts high muzzle velocity, penetration, and impressive accuracy, even over long distances.",,,https://static.wikia.nocookie.net/escapefromtarkov_gamepedia/images/1/1b/Tt.png/revision/latest/scale-to-width-down/200?cb=20200216022150
97,TT pistol (gold),7.62x25mm Tokarev,Single,30,"A legendary pistol. It has seen numerous military conflicts and is still being in service in certain spots of our planet, in one modification or another. This one is a classic TT-33, the most mass-produced version. It features Browning short-recoil tilting-barrel system, but very different otherwise - purposefully simple, single-action, no safety measures except half-cock notch, it is able to withstand horrible operating abuse. Thanks to the powerful 7.62x25 cartridge and relatively long barrel, TT boasts high muzzle velocity, penetration, and impressive accuracy, even over long distances. Special gold edition.",,,https://static.wikia.nocookie.net/escapefromtarkov_gamepedia/images/4/46/TT_Pistol_7.62x25_TT_gold_2.png/revision/latest/scale-to-width-down/200?cb=20200216022203
98,Name,Image,Cartridge,Firing modes,Rate of fire,,,
99,"NSV ""Utes""",12.7x108mm,Full Auto,,,,,https://static.wikia.nocookie.net/escapefromtarkov_gamepedia/images/8/8b/NSVUtes.jpg/revision/latest/scale-to-width-down/180?cb=20191103134116
100,Name,Image,Cartridge,Firing modes,Rate of fire,,,
101,AGS-30,30x29mm,Full Auto,,,,,https://static.wikia.nocookie.net/escapefromtarkov_gamepedia/images/4/47/AGS30.png/revision/latest/scale-to-width-down/180?cb=20191103134146
102,Name,Image,Chop DMG,Chop Range,Stab DMG,Stab Range,Description,
103,6h5 Bayonet,18,0.40m,23,0.50m,The so-called item 6H5 is a knife bayonet adopted in 1989 as a standard issue for use with AK74.,,https://static.wikia.nocookie.net/escapefromtarkov_gamepedia/images/b/bd/6h5_Bayonet.PNG/revision/latest/scale-to-width-down/200?cb=20181230182949
104,Antique axe,26,0.45m,44,0.50m,Antique axe with a damaged handle that belonged to the ancient clan of hatchlings called WYCC.,,https://static.wikia.nocookie.net/escapefromtarkov_gamepedia/images/8/8a/Antique_Axe.png/revision/latest/scale-to-width-down/200?cb=20181110013042
105,Bars A-2607- 95x18,16,0.35m,21,0.45m,"A Bars knife A-2607, forged of 95x18 steel with fine wood handle and brass guard.",,https://static.wikia.nocookie.net/escapefromtarkov_gamepedia/images/a/ac/Bars_A-2607-_95x18.png/revision/latest/scale-to-width-down/200?cb=20200624181808
106,Bars A-2607- Damascus,15,0.35m,21,0.45m,"A Bars knife A-2607, manufactured of damascus steel with wenge handle and brass guard.",,https://static.wikia.nocookie.net/escapefromtarkov_gamepedia/images/5/5a/Bars_A-2607-_Damascus.png/revision/latest/scale-to-width-down/200?cb=20180427004739
107,Camper axe,30,0.45m,32,0.55m,Universal travel axe for use in field conditions or at the farm.,,https://static.wikia.nocookie.net/escapefromtarkov_gamepedia/images/9/9f/X7_axe.png/revision/latest/scale-to-width-down/186?cb=20191126085131
108,Crash Axe,26,0.45m,44,0.50m,Designed as a tool for working with hard surfaces. Materials and construction are designed to provide optimal impact and strength. The head of the axe is made of 6AL4V titanium with a thickness of 2.85 inches.,,https://static.wikia.nocookie.net/escapefromtarkov_gamepedia/images/a/a6/Crash_axe.png/revision/latest/scale-to-width-down/200?cb=20181231155808
109,Cultist's knife,18,0.35m,23,0.45m,"A knife of a strange shape and with strange signs, taken from the сultists. Apparently, it is used as a ritual knife, but, it is not limited to this use for sure. It has technological changes in the design intended for the use of toxic substances - it is better not to touch the blade.",,https://static.wikia.nocookie.net/escapefromtarkov_gamepedia/images/d/d7/Cultist_Knife_View.png/revision/latest/scale-to-width-down/200?cb=20201224232332
110,ER Fulcrum Bayonet,17,0.40m,18,0.50m,"Extrema Ratio developed its Fulcrum knife by the order of Italian Alpine Troops Headquarters, who required a multipurpose knife suitable for the infantry, a knife that could be used in any action and that could successfully solve any type of problem even where more specialized equipment proved inadequate. It was so successful that the multipurpose knife then led to the development of the Fulcrum Bayonet, which had the same characteristics but could be fixed to the issued rifle.",,https://static.wikia.nocookie.net/escapefromtarkov_gamepedia/images/6/69/ER_Fulcrum_Bayonet.png/revision/latest/scale-to-width-down/200?cb=20180427004728
111,Freeman crowbar,16,0.50m,22,0.60m,Steel and reliable crowbar by Freeman company. Caution! May lead to resonance cascade.,,https://static.wikia.nocookie.net/escapefromtarkov_gamepedia/images/8/8a/Freeman-Crowbar-Ins.png/revision/latest/scale-to-width-down/200?cb=20181228203614
112,Kiba Arms Tactical Tomahawk,25,0.50m,35,0.60m,"Tactical tomahawk, multitool and breaching tool, all-in-one solution.",,https://static.wikia.nocookie.net/escapefromtarkov_gamepedia/images/4/4e/Gerber_Downrange_Tomahawk.png/revision/latest/scale-to-width-down/200?cb=20191227191715
113,Miller Bros. Blades M-2 Tactical Sword,34,0.70m,48,0.70m,Short tactical sword.,,https://static.wikia.nocookie.net/escapefromtarkov_gamepedia/images/7/74/M-2_Tactical_Sword.PNG/revision/latest/scale-to-width-down/200?cb=20181230182911
114,MPL-50 entrenching tool,18,0.55m,32,0.65m,"The MPL-50 is a small spade. While nominally an entrenching tool, MPL-50 saw a wide range of wartime applications ranging from a close quarters combat weapon to a cooking utensil.",,https://static.wikia.nocookie.net/escapefromtarkov_gamepedia/images/b/b9/MPL-50_entrenching_tool.PNG/revision/latest/scale-to-width-down/200?cb=20181230183056
115,Red Rebel Ice pick,25,0.60m,30,0.65m,"Perfectly balanced ice axe, the tip is made of a single piece of hardened metal.",,https://static.wikia.nocookie.net/escapefromtarkov_gamepedia/images/7/7c/Rebel_Adze_Axe.png/revision/latest/scale-to-width-down/200?cb=20181230182752
116,SP-8 Survival Machete,28,0.50m,37,0.60m,SP8 is a survival machete made of a single piece of high carbon steel.,,https://static.wikia.nocookie.net/escapefromtarkov_gamepedia/images/5/56/SP-8_Survival_Machete.PNG/revision/latest/scale-to-width-down/200?cb=20181230183111
117,UVSR Taiga-1,30,0.55m,50,0.65m,"UVSR ""Device for carrying out rescue operations"" Taiga-1. A truly versatile survival tool. It is a weapon and a shovel and an axe and everything you can imagine. It was developed and produced in the USSR for various agencies.",,https://static.wikia.nocookie.net/escapefromtarkov_gamepedia/images/3/34/UVSR_Taiga-1.png/revision/latest/scale-to-width-down/200?cb=20210330170918
118,Name,Image,Explosion delay,Explosion radius,Maximum damage per fragment,Fragments count,Description,
119,F-1,3.5 s,3 - 7 m,80,90,"F-1 hand grenade (GRAU Index 57-Г-721) is an anti-personnel fragmentation defensive grenade, designed for neutralizing enemy personnel in the defensive combat. Due to significant effective fragmentation radius it can only be thrown from behind the cover, APC or tank.",,https://static.wikia.nocookie.net/escapefromtarkov_gamepedia/images/7/7c/F1.png/revision/latest/scale-to-width-down/200?cb=20200216033036
120,M67,5 s,3 - 8 m,110,75,"M67 grenade (M67 Fragmentation Hand Grenade) is an American hand grenade, designed for antipersonnel combat purposes and adopted in 1969 by the army of the United States.",,https://static.wikia.nocookie.net/escapefromtarkov_gamepedia/images/e/e2/M67.png/revision/latest/scale-to-width-down/200?cb=20200216033043
121,RGD-5,3.5 s,3 - 7 m,100,70,"RGD-5 (Distance Hand Grenade, mod. 5) is classified as antipersonnel fragmentation time-delayed offensive hand grenade. Igniter delay time 3,2—4,2 seconds. Due to offensive type of the grenade, fragments are relatively light and have a smaller radius of dispersion.",,https://static.wikia.nocookie.net/escapefromtarkov_gamepedia/images/e/e3/Rgd5.png/revision/latest/scale-to-width-down/200?cb=20201001185254
122,VOG-17,3 s,2 - 6 m,120,100,"DIY hand grenade based on a VOG-17 grenade called ""Khattabka"". The grenade is VOG-17 explosive projectile, with the removed head part, containing the detonator and self-destructor.",,https://static.wikia.nocookie.net/escapefromtarkov_gamepedia/images/9/94/Vog17.png/revision/latest/scale-to-width-down/200?cb=20200316073547
123,VOG-25,2 s,2 - 7 m,65,35,"Hand-made hand grenade ""Khattabka"" based on a VOG-25 grenade. The grenade is a VOG-25 grenade with a removed warhead, added a detonator and self-destructor. A short fuse has been installed to speed up the ignition.",,https://static.wikia.nocookie.net/escapefromtarkov_gamepedia/images/7/7d/Vog25.png/revision/latest/scale-to-width-down/200?cb=20200316073837
124,Name,Image,Explosion delay,Description,,,,
125,RDG-2B,3.5 sec,"Soviet-made smoke hand grenade, designed to create smoke zones with covering or target designation purposes. Cheap and pretty common in the countries of former Soviet Union.",,,,,https://static.wikia.nocookie.net/escapefromtarkov_gamepedia/images/a/a8/RDG-2B_Smoke_grenade.png/revision/latest/scale-to-width-down/200?cb=20200216033106
126,Name,Image,Explosion delay,Description,,,,
127,Zarya,2 sec,Intended to suppress the mental stability by creating a sudden sound effect and a bright flash. Used in special operations for apprehension of criminals and in riot suppression.,,,,,https://static.wikia.nocookie.net/escapefromtarkov_gamepedia/images/8/8d/Zarya_stun_grenade.png/revision/latest/scale-to-width-down/200?cb=20200216033057
128,Name,Image,Cartridge,Status,,,,
129,9A-91/VSK-94,9x39mm,Confirmed with screenshots.,,,,,https://static.wikia.nocookie.net/escapefromtarkov_gamepedia/images/a/aa/VSK-94.jpg/revision/latest/scale-to-width-down/180?cb=20180118020208
130,AAC Honey Badger,.300 AAC Blackout,Confirmed in Talking Tarkov Devblog № 4,,,,,https://static.wikia.nocookie.net/escapefromtarkov_gamepedia/images/0/06/AAC_Honey_Badger.png/revision/latest/scale-to-width-down/180?cb=20191018191625
131,AEK-919K,9x18mm Makarov,Present in a report on the Youtube channel of Battlestate Games,,,,,https://static.wikia.nocookie.net/escapefromtarkov_gamepedia/images/4/45/%D0%90%D0%95%D0%9A-919%D0%9A_-Kashtan-.jpg/revision/latest/scale-to-width-down/180?cb=20190117140958
132,AEK-971/AEK-973 and A-545/A-762,5.45x39mm(AEK-971) and 7.62x39mm(AEK-973),Confirmed in Talking Tarkov Devblog № 4,,,,,https://static.wikia.nocookie.net/escapefromtarkov_gamepedia/images/a/ab/AEK-971.jpg/revision/latest/scale-to-width-down/180?cb=20190117142258
133,AK-12,5.45x39mm,"Confirmed, but not revealed.",,,,,https://static.wikia.nocookie.net/escapefromtarkov_gamepedia/images/c/c2/Ak-12_placeholder.jpg/revision/latest/scale-to-width-down/180?cb=20171108204904
134,AK-15,7.62x39mm,"Confirmed, but not revealed.",,,,,https://static.wikia.nocookie.net/escapefromtarkov_gamepedia/images/9/99/UPC_AK15.jpg/revision/latest/scale-to-width-down/180?cb=20200528170935
135,AK-308,7.62x51mm NATO,Confirmed on russian audiopodcast with BSG and on Instagram,,,,,https://static.wikia.nocookie.net/escapefromtarkov_gamepedia/images/d/db/EFT_AK308.png/revision/latest/scale-to-width-down/180?cb=20190427160344
136,AK TR-3,"5.45x39mm, 7.62x39mm",Confirmed on Instagram,,,,,https://static.wikia.nocookie.net/escapefromtarkov_gamepedia/images/6/66/AK_TR-3.jpg/revision/latest/scale-to-width-down/180?cb=20190629080738
137,Alexander Arms .50 Beowulf,.50 Beowulf,Confirmed on Reddit,,,,,https://static.wikia.nocookie.net/escapefromtarkov_gamepedia/images/2/20/Beowulf_rifle_banner.jpg/revision/latest/scale-to-width-down/180?cb=20190811105611
138,AM-17,5.45x39mm and 9x39mm (AMB-17 integrally suppressed assault rifle),Confirmed on Instagram,,,,,https://static.wikia.nocookie.net/escapefromtarkov_gamepedia/images/5/54/EFT_AM17.jpg/revision/latest/scale-to-width-down/180?cb=20190626203450
139,AN-94,5.45x39mm,Confirmed on Instagram,,,,,https://static.wikia.nocookie.net/escapefromtarkov_gamepedia/images/7/70/CW_AN94.jpg/revision/latest/scale-to-width-down/180?cb=20190307235458
140,Benelli M4,12x70mm,Confirmed on Reddit,,,,,https://static.wikia.nocookie.net/escapefromtarkov_gamepedia/images/0/0b/Benelli_M4.jpg/revision/latest/scale-to-width-down/180?cb=20190207150141
141,Bushmaster ACR,"5.56x45mm NATO and 7.62x39mm
.300 AAC Blackout, .450 bushmaster and 6.8 SPC (semi-auto versions)",Confirmed in Talking Tarkov Devblog № 4,,,,,https://static.wikia.nocookie.net/escapefromtarkov_gamepedia/images/5/53/Upcoming_acr.jpg/revision/latest/scale-to-width-down/180?cb=20180306161407
142,CMMG Mk47 Mutant,7.62x39mm,"Facebook, Twitter 1, Twitter 2",,,,,https://static.wikia.nocookie.net/escapefromtarkov_gamepedia/images/3/33/Mutant_Preview.jpg/revision/latest/scale-to-width-down/180?cb=20210507231557
143,CZ Bren 2 / CZ BREN 805,5.56x45mm NATO and 7.62x39,Confirmed on Reddit,,,,,https://static.wikia.nocookie.net/escapefromtarkov_gamepedia/images/8/8b/CZ_BREN_2.jpg/revision/latest/scale-to-width-down/180?cb=20190213181027
144,DSR-1,".308 Winchester, .300 Winchester Magnum, and .338 Lapua Magnum",Confirmed on russian audiopodcast with BSG,,,,,https://static.wikia.nocookie.net/escapefromtarkov_gamepedia/images/d/da/DSR-1.jpg/revision/latest/scale-to-width-down/180?cb=20190206174605
145,EF88 Austeyr / F90 (Export version),9x19mm Parabellum and 5.56x45mm NATO,Confirmed in Talking Tarkov Devblog № 4,,,,,https://static.wikia.nocookie.net/escapefromtarkov_gamepedia/images/9/95/EF88_Austeyr.jpg/revision/latest/scale-to-width-down/180?cb=20190209190602
146,FN SCAR-L/H,5.56x45mm NATO and 7.62x51mm NATO,"Confirmed in Talking Tarkov Devblog № 4. 3 sound files located in game files
Possible addition to 12.10 according to Nikita Buyanov",,,,,https://static.wikia.nocookie.net/escapefromtarkov_gamepedia/images/a/a5/Scar_placeholder.jpg/revision/latest/scale-to-width-down/180?cb=20180212232843
147,Heckler & Koch G28,7.62x51mm NATO,Confirmed in Talking Tarkov Devblog № 11,,,,,https://static.wikia.nocookie.net/escapefromtarkov_gamepedia/images/1/1d/Hk_g28.jpg/revision/latest/scale-to-width-down/180?cb=20201123084839
148,Heckler & Koch G3,7.62x51mm NATO,Confirmed in Talking Tarkov Devblog № 4,,,,,https://static.wikia.nocookie.net/escapefromtarkov_gamepedia/images/6/6f/G3_placeholder.jpg/revision/latest/scale-to-width-down/180?cb=20171108205324
149,Heckler & Koch G36,5.56x45mm NATO,Confirmed in Talking Tarkov Devblog № 4,,,,,https://static.wikia.nocookie.net/escapefromtarkov_gamepedia/images/a/a9/Heckler_and_Koch_G36.jpg/revision/latest/scale-to-width-down/180?cb=20190221154922
150,Heckler & Koch HK417,7.62x51mm NATO,Confirmed during Talking Tarkov #6,,,,,https://static.wikia.nocookie.net/escapefromtarkov_gamepedia/images/1/12/HK417_Plan.jpg/revision/latest/scale-to-width-down/180?cb=20180606205808
151,Heckler & Koch MP5/10,10mm Auto,Confirmed on reddit,,,,,https://static.wikia.nocookie.net/escapefromtarkov_gamepedia/images/2/28/EFT_MP5-10.jpg/revision/latest/scale-to-width-down/180?cb=20190716043040
152,Kalashnikov  SR1,5.56x45mm NATO,Confirmed on Instagram,,,,,https://static.wikia.nocookie.net/escapefromtarkov_gamepedia/images/c/c6/EFT_KSR1.jpg/revision/latest/scale-to-width-down/180?cb=20190627150127
153,Knight's Armament Company PDW,6x35mm and .300 AAC Blackout,Several sounds are present in the game files. These sounds are identical to the KAC PDW in Contract Wars. (Confirmed in Instagram photo),,,,,https://static.wikia.nocookie.net/escapefromtarkov_gamepedia/images/b/b4/KnightsArmamentCompany-PDW.gif/revision/latest/scale-to-width-down/180?cb=20190221155447
154,KSVK 12.7,12.7x108 mm,Present in a report on the Youtube channel of Battlestate Games,,,,,https://static.wikia.nocookie.net/escapefromtarkov_gamepedia/images/5/59/KSVK_12.7.jpg/revision/latest/scale-to-width-down/180?cb=20190117142611
155,M16A4,5.56x45mm NATO,Confirmed in Talking Tarkov Devblog № 4,,,,,https://static.wikia.nocookie.net/escapefromtarkov_gamepedia/images/d/de/EFT_M16A4.png/revision/latest/scale-to-width-down/180?cb=20190524060301
156,MP-155,12x70mm,Revealed in TarkovTV LIVE on 26.3.2021,,,,,https://static.wikia.nocookie.net/escapefromtarkov_gamepedia/images/e/e4/MP-155_Preview.jpg/revision/latest/scale-to-width-down/180?cb=20210327115742
157,Baikal MP-43,12x70mm,"Present in alpha, removed while code for reloading is reworked",,,,,https://static.wikia.nocookie.net/escapefromtarkov_gamepedia/images/f/f1/Mp-43_develop.jpg/revision/latest/scale-to-width-down/180?cb=20171109151742
158,MP-18M,"12x70mm, 20x70mm, .410 Gauge",Confirmed on TarkovTV № 1,,,,,https://static.wikia.nocookie.net/escapefromtarkov_gamepedia/images/4/4b/Mr18m-better.jpg/revision/latest/scale-to-width-down/180?cb=20201123091537
159,MP-233,12x70mm & 20x70mm,Present in a report on the Youtube channel of Battlestate Games,,,,,https://static.wikia.nocookie.net/escapefromtarkov_gamepedia/images/3/39/EFT_Baikal.png/revision/latest/scale-to-width-down/180?cb=20190602191439
160,Molot Bekaz 12,12x70mm,Present in a report on the Youtube channel of Battlestate Games,,,,,https://static.wikia.nocookie.net/escapefromtarkov_gamepedia/images/b/b9/Bekas-12.jpg/revision/latest/scale-to-width-down/180?cb=20190119172007
161,MTs 225,20x70mm,"Confirmed in official art of Jaeger, model revealed, possible 0.12 addition.",,,,,https://static.wikia.nocookie.net/escapefromtarkov_gamepedia/images/2/2d/EFT_UpcomingMTs255.png/revision/latest/scale-to-width-down/180?cb=20190515021208
162,"Orsis SVLK-14S ""Sumrak""",".408 Cheytac, .338 Lapua Magnum , .300 Winchester Magnum","Confirmed on interview with Nikita Buyanov and Dmitriy ""Goblin"" Puchkov",,,,,https://static.wikia.nocookie.net/escapefromtarkov_gamepedia/images/6/62/Orsis_SVLK-14S_Sumrak.jpg/revision/latest/scale-to-width-down/180?cb=20190815193907
163,OTS-14 Groza,9x39mm and 7.62x39,Confirmed in Talking Tarkov Devblog № 4,,,,,https://static.wikia.nocookie.net/escapefromtarkov_gamepedia/images/7/70/UPC_OTs14.jpg/revision/latest/scale-to-width-down/180?cb=20190415164926
164,PKM,7.62x54mmR,"Confirmed, but not revealed",,,,,https://static.wikia.nocookie.net/escapefromtarkov_gamepedia/images/a/ab/PKM.jpg/revision/latest/scale-to-width-down/180?cb=20190206175619
165,PKP Pecheneg,7.62x54mmR,"Confirmed, but not revealed",,,,,https://static.wikia.nocookie.net/escapefromtarkov_gamepedia/images/2/2a/PKP_Pecheneg.jpg/revision/latest/scale-to-width-down/180?cb=20190117141919
166,PP-19 Bizon,"9x17mm(.380 ACP), 9x18mm Makarov, 9x19mm Parabellum, & 7.62x25mm Tokarev",Confirmed in Talking Tarkov Devblog № 4,,,,,https://static.wikia.nocookie.net/escapefromtarkov_gamepedia/images/6/6f/CW_Bizon.jpg/revision/latest/scale-to-width-down/180?cb=20190307235542
167,Rifle Dynamics 704 Pistol,7.62x39mm,https://twitter.com/bstategames/status/1390304853033816069?s=20,,,,,https://static.wikia.nocookie.net/escapefromtarkov_gamepedia/images/c/c7/RD704.jpg/revision/latest/scale-to-width-down/180?cb=20210508124419
168,RPD,7.62x39mm,Confirmed on Reddit and an Instagram video,,,,,https://static.wikia.nocookie.net/escapefromtarkov_gamepedia/images/2/22/UPC_RPD.jpg/revision/latest/scale-to-width-down/180?cb=20190415164917
169,RPK & RPK-74/RPK-74M,7.62x39mm (RPK) & 5.45x39mm (RPK-74/RPK-74M),Present in a report on the Youtube channel of Battlestate Games,,,,,https://static.wikia.nocookie.net/escapefromtarkov_gamepedia/images/3/36/RPK-74.jpg/revision/latest/scale-to-width-down/180?cb=20190117141336
170,Saiga MK 5.45,5.45x39mm,Confirmed in Instagram and Talking Tarkov Devblog № 11,,,,,https://static.wikia.nocookie.net/escapefromtarkov_gamepedia/images/7/70/Saiga-mk-545.jpg/revision/latest/scale-to-width-down/180?cb=20201123091222
171,Škorpion vz. 61,"7,65x17 mm Browning (.32 ACP), 9x18mm Makarov, 9x19mm Parabellum and 9x17mm Corto (.380 ACP)",Confirmed on Reddit,,,,,https://static.wikia.nocookie.net/escapefromtarkov_gamepedia/images/a/a9/Scorpion_vz._61.jpg/revision/latest/scale-to-width-down/180?cb=20190213180716
172,SIG MPX .45 ACP Custom,.45 ACP,Confirmed in Talking Tarkov Devblog № 1,,,,,https://static.wikia.nocookie.net/escapefromtarkov_gamepedia/images/1/1f/EFT_SIGMPX45.jpg/revision/latest/scale-to-width-down/180?cb=20190713210323
173,SR-2 Veresk,9x21mm Gyurza,Present in a report on the Youtube channel of Battlestate Games,,,,,https://static.wikia.nocookie.net/escapefromtarkov_gamepedia/images/d/dd/SR-2_Veresk.jpg/revision/latest/scale-to-width-down/180?cb=20190117142804
174,"SR-3 ""Vikhr""",9x39mm,Confirmed in Talking Tarkov Devblog № 4,,,,,https://static.wikia.nocookie.net/escapefromtarkov_gamepedia/images/c/cb/SR-3MP.jpg/revision/latest/scale-to-width-down/180?cb=20190117141145
175,Steyr AUG,5.56x45 NATO,"Confirmed in Talking Tarkov Devblog № 4
Confirmed in Q&A with Nikita Buyanov",,,,,https://static.wikia.nocookie.net/escapefromtarkov_gamepedia/images/4/42/Aug_.jpg/revision/latest/scale-to-width-down/180?cb=20201020141618
176,SV-18,12.7x99mm and 12.7x108mm (Source (RU)),Confirmed on Instagram,,,,,https://static.wikia.nocookie.net/escapefromtarkov_gamepedia/images/a/a2/SV-18.jpg/revision/latest/scale-to-width-down/180?cb=20190629082035
177,SVD,7.62x54mmR,Confirmed on Talking Tarkov № 5,,,,,https://static.wikia.nocookie.net/escapefromtarkov_gamepedia/images/3/39/EFT_SVD.png/revision/latest/scale-to-width-down/180?cb=20190427160402
178,SVDM,7.62x54mmR,Confirmed on Talking Tarkov № 5,,,,,https://static.wikia.nocookie.net/escapefromtarkov_gamepedia/images/a/ad/UPC_SVDM.jpg/revision/latest/scale-to-width-down/180?cb=20190415164628
179,SVDK,9.3x64mm,Confirmed in Talking Tarkov Devblog № 4 as a base for TKPD,,,,,https://static.wikia.nocookie.net/escapefromtarkov_gamepedia/images/6/68/CW_SVDK.jpg/revision/latest/scale-to-width-down/180?cb=20190415165112
180,SVT-40,7.62x54mmR,"Confirmed, but yet to be revealed",,,,,https://static.wikia.nocookie.net/escapefromtarkov_gamepedia/images/f/fe/Svt-40_placeholder.jpg/revision/latest/scale-to-width-down/180?cb=20171108205329
181,Vepr 12,12x70mm,Present in a report on the Youtube channel of Battlestate Games,,,,,https://static.wikia.nocookie.net/escapefromtarkov_gamepedia/images/5/5a/EFT_Vepr12.png/revision/latest/scale-to-width-down/180?cb=20190427160411
182,Vepr SOK-94,7.62x39mm,Present in a report on the Youtube channel of Battlestate Games,,,,,https://static.wikia.nocookie.net/escapefromtarkov_gamepedia/images/4/42/EFT_SOK94.png/revision/latest/scale-to-width-down/180?cb=20190427160352
183,VKS Vychlop,12.7x55mm STs-130,Confirmed in Talking Tarkov Devblog № 4,,,,,https://static.wikia.nocookie.net/escapefromtarkov_gamepedia/images/d/d7/CW_VSSK.jpg/revision/latest/scale-to-width-down/180?cb=20190307235734
184,VPO-111,7.62x54mmR,Present in a report on the Youtube channel of Battlestate Games,,,,,https://static.wikia.nocookie.net/escapefromtarkov_gamepedia/images/e/e6/VPO-111.JPG/revision/latest/scale-to-width-down/180?cb=20190213201835
185,VPO-156,7.62x39mm,Present in a report on the Youtube channel of Battlestate Games,,,,,https://static.wikia.nocookie.net/escapefromtarkov_gamepedia/images/1/1c/VPO_156.jpg/revision/latest/scale-to-width-down/180?cb=20190206220056
186,VPO-302,"7.62x39mm, 6.5mm Grendel and .366 TKM",Present in a report on the Youtube channel of Battlestate Games,,,,,https://static.wikia.nocookie.net/escapefromtarkov_gamepedia/images/c/c3/VPO-302.jpeg/revision/latest/scale-to-width-down/180?cb=20190119171954
187,Name,Image,Cartridge,Status,,,,
188,Chiappa Rhino 20/40/50/60DS,".357 Magnum, 9x19mm Parabellum, .40 S&W and 9x21mm IMI",Confirmed with screenshots,,,,,https://static.wikia.nocookie.net/escapefromtarkov_gamepedia/images/b/b6/Chiappa_rihno_final.jpg/revision/latest/scale-to-width-down/180?cb=20171108211049
189,CZ 75,"9x19mm Parabellum, 9x21mm and .40 S&W",Confirmed on Reddit,,,,,https://static.wikia.nocookie.net/escapefromtarkov_gamepedia/images/e/ef/CZ-75.png/revision/latest/scale-to-width-down/180?cb=20190213181316
190,CZ P-09,9x19mm Parabellum,Confirmed on Talking Tarkov № 2,,,,,https://static.wikia.nocookie.net/escapefromtarkov_gamepedia/images/4/42/CZP09.png/revision/latest/scale-to-width-down/180?cb=20190811105743
191,EAA Thor,".500 S&W Magnum, .223 Remington, .308 Winchester, .44 Magnum, .30-06 Springfield, .300 Winchester Magnum, .45-70, & others.",Confirmed on russian audiopodcast with BSG,,,,,https://static.wikia.nocookie.net/escapefromtarkov_gamepedia/images/9/92/CW_Thor.jpg/revision/latest/scale-to-width-down/180?cb=20190307235939
192,GSh-18,9x19mm Parabellum,Confirmed on Instagram,,,,,https://static.wikia.nocookie.net/escapefromtarkov_gamepedia/images/3/3c/CW_GSh18.jpg/revision/latest/scale-to-width-down/180?cb=20190307235843
193,Glock 19,9x19mm Parabellum,Confirmed in Talking Tarkov Devblog № 4,,,,,https://static.wikia.nocookie.net/escapefromtarkov_gamepedia/images/6/60/EFT_Glock19.png/revision/latest/scale-to-width-down/180?cb=20190524060309
194,Heckler & Koch USP,"9x19mm Parabellum, .45 ACP and .40 S&W","Confirmed on Talking Tarkov № 2
Confirmed on official Instagram",,,,,https://static.wikia.nocookie.net/escapefromtarkov_gamepedia/images/f/fd/Heckler_and_Koch_USP.jpg/revision/latest/scale-to-width-down/180?cb=20190206175052
195,IMI Desert Eagle,".50 Action Express, 429 DE, .44 Magnum, .357 Magnum",Confirmed on Reddit,,,,,https://static.wikia.nocookie.net/escapefromtarkov_gamepedia/images/d/d0/IMI_Desert_Eagle.jpg/revision/latest/scale-to-width-down/180?cb=20190207143708
196,Jericho 941,"9x19 Parabellum, .40S&W, .45 ACP",Confirmed on Talking Tarkov № 2,,,,,https://static.wikia.nocookie.net/escapefromtarkov_gamepedia/images/1/19/UPC_Jericho941.jpg/revision/latest/scale-to-width-down/180?cb=20190415164942
197,PMM,9x18mm Makarov,Confirmed on russian audiopodcast with BSG,,,,,https://static.wikia.nocookie.net/escapefromtarkov_gamepedia/images/b/b7/PMM.jpg/revision/latest/scale-to-width-down/180?cb=20190206175820
198,PSS,7.62x42mm SP-4,Present in a report on the Youtube channel of Battlestate Games,,,,,
199,Smith & Wesson M&P,".45 ACP, 9x19mm Parabellum, .40 S&W, .357 SIG",Confirmed on Talking Tarkov № 2,,,,,
200,Name,Image,Cartridge,Status,,,,
201,GP-25,40x53mm,Confirmed on TarkovTV DevBlog № 4,,,,,
202,GP-30M,40x53mm,Twitter,,,,,
203,GP-34,40x53mm,Temporarily removed due to bugs,,,,,
204,M203,40x46 mm,Confirmed on TarkovTV DevBlog № 4,,,,,
205,Milkor MGL,40x46 mm and 40x51mm,Confirmed on Talking Tarkov № 6,,,,,
206,RG-6,40x53mm,Confirmed on Talking Tarkov № 1,,,,,
207,RPG-7,40mm,"Image of trigger and grip posted to
BSG's Twitter",,,,,
208,Name,Image,Status,,,,,
209,Name,Image,Type,Status,,,,
210,"AN grenade (model unknown, could be an AN M14 incendiary grenade or a M18 smoke grenade)",model unknown,Confirmed with this screenshot,,,,,
211,"RGN offensive grenade (brown) and RGO defensive grenade (green), both with the UDZS dual action fuze",Impact Grenade,Located within game files and confirmed with this screenshot on the Facebook page of BSG,,,,,
212,Name,Image,Type,Status,,,,
213,OZM72 wire mine with MUV2 fuse,Wire Mine,Confirmed with this screenshot on the Facebook page of BSG,,,,,
214,PMN2 anti personnel mine,Anti personnel mine,Confirmed with this screenshot on the Facebook page of BSG,,,,,
215,PMN4 anti personnel mine,Anti personnel mine,Confirmed in Talking Tarkov № 5,,,,,
216,PFM1 anti personnel mine,Anti personnel mine,Confirmed in Talking Tarkov № 6,,,,,
217,MON-50,Anti personnel mine,Confirmed with this screenshot on the Facebook page of BSG,,,,,
